{"cameraMode":{"drawMode":0,"name":"Shaded","section":"Shading Mode"},"sceneLighting":true,"audioPlay":false,"sceneViewState":{"m_AlwaysRefresh":false,"showFog":true,"showSkybox":true,"showFlares":true,"showImageEffects":true,"showParticleSystems":true,"showVisualEffectGraphs":true,"m_FxEnabled":true},"in2DMode":false,"pivot":{"x":10.542987823486329,"y":2.4389114379882814,"z":-1.3531113862991334},"rotation":{"x":-0.22162289917469026,"y":0.3221875727176666,"z":-0.07856686413288117,"w":-0.9172220230102539},"size":0.3704363703727722,"orthographic":false}