{"cameraMode":{"drawMode":0,"name":"Shaded","section":"Shading Mode"},"sceneLighting":false,"audioPlay":false,"sceneViewState":{"m_AlwaysRefresh":false,"showFog":true,"showSkybox":false,"showFlares":true,"showImageEffects":true,"showParticleSystems":true,"showVisualEffectGraphs":true,"m_FxEnabled":true},"in2DMode":false,"pivot":{"x":-0.41958338022232058,"y":0.6484580039978027,"z":-0.40149661898612978},"rotation":{"x":-0.36943522095680239,"y":0.5864282250404358,"z":-0.3410536050796509,"w":-0.6351088285446167},"size":1.9494963884353638,"orthographic":false}